{
  "bankrotstvo.docx": 1763864749.8395035,
  "crime codex.docx": 1763864757.5762982,
  "fssp.docx": 1763864750.7766974,
  "gk_rf_1.docx": 1763864733.8809142,
  "gk_rf_2.docx": 1763864740.437387,
  "gk_rf_3.docx": 1763864742.6055279,
  "gk_rf_4.docx": 1763864744.3220263,
  "koap.docx": 1763864752.2765434,
  "pdd.docx": 1763864753.4616995,
  "Plenum bankruptcy subsidiary.docx": 1763864759.825082,
  "Plenum of Enforcement proceedings.docx": 1763864758.6883502,
  "Plenum of gibdd.docx": 1763864760.9724588,
  "Plenum of Heritage.docx": 1764474986.2820833,
  "Plenum of Labour.docx": 1763864762.6040366,
  "Plenum of property.docx": 1763864765.6545188,
  "Plenum of the Children.docx": 1763864766.6380534,
  "Plenum on Consumer (general).docx": 1763864767.8378956,
  "Plenum on Part 1 of gk 1.docx": 1763864769.1310315,
  "Plenum on the gk 2.docx": 1764476816.2996721,
  "Plenum on the work of employees working for individual employers.docx": 1763864771.7123404,
  "police.docx": 1763864756.4132605,
  "Post Gosstoya.docx": 1770503723.7491903,
  "Post pravit N 290.docx": 1770503838.6190064,
  "Postanov Mos o MKD.docx": 1770502715.778375,
  "Postanov o mkd 354.docx": 1770502671.657806,
  "Postanov o mrk 491.docx": 1770502741.5266159,
  "postanov o neusto k dolevoi.docx": 1764476881.3990095,
  "semeiniy_kodeks.docx": 1763864754.482337,
  "trudovoy_kodeks.docx": 1764472278.0336566,
  "zakon dolevoi.docx": 1763864716.9790668,
  "zhilishniy_kodeks.docx": 1763864747.8551283,
  "zpp.docx": 1770502592.753559
}